{
    "cycles_program_begin": 621268488428793,
    "stat": {
        "ru_self_cgstart": {
            "ru_minflt": 8910,
            "ru_utime_sec": 0.140126,
            "ru_stime_sec": 0.035784000000000003,
            "ru_maxrss_kb": 112072,
            "ru_majflt": 0,
            "ru_nvcsw": 302,
            "ru_nivcsw": 12
        },
        "cpu_cycles_end": 621269607641133,
        "ru_childs_cgstart": {
            "ru_minflt": 0,
            "ru_utime_sec": 0.0,
            "ru_stime_sec": 0.0,
            "ru_maxrss_kb": 0,
            "ru_majflt": 0,
            "ru_nvcsw": 0,
            "ru_nivcsw": 0
        },
        "outputSizePerQuad": 100.95330112721417,
        "peak_mem_kb": 299952,
        "cpu_cycles_cgstart": 621269241326841,
        "nMops": 4350,
        "ru_childs_end": {
            "ru_minflt": 201,
            "ru_utime_sec": 0.001255,
            "ru_stime_sec": 0.0024729999999999999,
            "ru_maxrss_kb": 22384,
            "ru_majflt": 0,
            "ru_nvcsw": 5,
            "ru_nivcsw": 0
        },
        "ru_self_end": {
            "ru_minflt": 11505,
            "ru_utime_sec": 0.199295,
            "ru_stime_sec": 0.050332000000000002,
            "ru_maxrss_kb": 122540,
            "ru_majflt": 0,
            "ru_nvcsw": 404,
            "ru_nivcsw": 12
        },
        "nQuads": 1863,
        "totalObjSize": 188076,
        "realTime": 0.41219997406005859,
        "cpu_cycles_total": 1119212340,
        "mopSpeed": 71991.261750297883,
        "quadSpeed": 30832.11968754137,
        "mop/quad": 2.3349436392914655,
        "Frontend(%)": 69.870855148342059,
        "CodeGen(%)": 30.129144851657944
    },
    "perf": [
        {
            "stat": [
                "main",
                "entry",
                0.025385856628417969,
                0.04299,
                0.015308,
                212992,
                212992,
                0.0,
                0.0,
                1665975515.587652,
                621268488689323
            ],
            "sub": [
                {
                    "stat": [
                        "doParsingAndDesignResolution",
                        "entry",
                        0.13231492042541504,
                        0.090176999999999993,
                        0.021418,
                        284116,
                        284596,
                        0.0,
                        0.0,
                        1665975515.694581,
                        621268798066741
                    ],
                    "sub": []
                },
                {
                    "stat": [
                        "doParsingAndDesignResolution",
                        "exit",
                        0.15954494476318359,
                        0.10935499999999999,
                        0.025215999999999999,
                        285068,
                        285716,
                        0.0,
                        0.0,
                        1665975515.7218111,
                        621268876854451
                    ],
                    "sub": []
                },
                {
                    "stat": [
                        "doPostDesignResolutionToVir2Vcs",
                        "entry",
                        0.16486692428588867,
                        0.11035,
                        0.025446,
                        285208,
                        285716,
                        0.0,
                        0.0,
                        1665975515.727133,
                        621268892226214
                    ],
                    "sub": [
                        {
                            "stat": [
                                "doUptoVir2VcsNoSepCleanup",
                                "entry",
                                0.18037295341491699,
                                0.114623,
                                0.028358000000000001,
                                286148,
                                286152,
                                0.0,
                                0.0,
                                1665975515.7426391,
                                621268937099713
                            ],
                            "sub": []
                        },
                        {
                            "stat": [
                                "doUptoVir2VcsNoSepCleanup",
                                "exit",
                                0.25374579429626465,
                                0.133747,
                                0.034209999999999997,
                                287576,
                                299952,
                                0.0,
                                0.0,
                                1665975515.8160119,
                                621269149382717
                            ],
                            "sub": []
                        },
                        {
                            "stat": [
                                "doRadify_vir2vcsAll",
                                "entry",
                                0.25379776954650879,
                                0.13378999999999999,
                                0.034221000000000001,
                                287576,
                                299952,
                                0.0,
                                0.0,
                                1665975515.8160639,
                                621269149473462
                            ],
                            "sub": []
                        },
                        {
                            "stat": [
                                "doRadify_vir2vcsAll",
                                "exit",
                                0.26491999626159668,
                                0.13838200000000001,
                                0.034611999999999997,
                                288472,
                                299952,
                                0.0,
                                0.0,
                                1665975515.8271861,
                                621269181717369
                            ],
                            "sub": []
                        }
                    ]
                },
                {
                    "stat": [
                        "doPostDesignResolutionToVir2Vcs",
                        "exit",
                        0.26496386528015137,
                        0.13841800000000001,
                        0.034620999999999999,
                        288472,
                        299952,
                        0.0,
                        0.0,
                        1665975515.82723,
                        621269181777844
                    ],
                    "sub": []
                },
                {
                    "stat": [
                        "doGAToPass2",
                        "entry",
                        0.26498198509216309,
                        0.138433,
                        0.034625000000000003,
                        288472,
                        299952,
                        0.0,
                        0.0,
                        1665975515.8272481,
                        621269181819223
                    ],