{
    "Modules": {
        "...MASTER...": {
            "start_perf": [
                0.3045039176940918,
                0.14762400000000001,
                0.053039000000000003,
                287040,
                299944,
                1665984638.520689,
                647664076977924
            ],
            "end_perf": [
                0.33517098426818848,
                0.14762400000000001,
                0.058302,
                288568,
                299944,
                647664165722528,
                0,
                0
            ],
            "child_modules": {
                "std": 1,
                "fifo_tb": 1
            },
            "nQuads": 0,
            "nMops": 0,
            "nRouts": 5
        },
        "std": {
            "start_perf": [
                0.33535885810852051,
                0.14762400000000001,
                0.058488999999999999,
                288568,
                299944,
                1665984638.551544,
                647664166283670
            ],
            "child_modules": {},
            "num_classes": 6,
            "end_perf": [
                0.3507988452911377,
                0.15345500000000001,
                0.060430999999999999,
                288600,
                299944,
                647664210973917,
                0,
                0
            ],
            "nMops": 528,
            "Compiled": "Yes",
            "Compiled Times": 236,
            "svclass": [
                "$vcs_nba_dyn_obj",
                0,
                35,
                2,
                2,
                0,
                0,
                "sigprop$$",
                0,
                35,
                2,
                2,
                0,
                0,
                "process",
                0,
                200,
                8,
                8,
                0,
                0,
                "event",
                0,
                34,
                2,
                2,
                0,
                0,
                "mailbox",
                0,
                140,
                9,
                9,
                0,
                0,
                "semaphore",
                0,
                84,
                5,
                5,
                0,
                0
            ],
            "nQuads": 218,
            "nRouts": 33
        },
        "fifo_tb": {
            "start_perf": [
                0.35091900825500488,
                0.15354200000000001,
                0.060464999999999998,
                288600,
                299944,
                1665984638.5671041,
                647664211223687
            ],
            "end_perf": [
                0.4274289608001709,
                0.20336099999999999,
                0.064972000000000002,
                295212,
                299944,
                647664432650758,
                21524900653,
                0
            ],
            "child_modules": {},
            "Compiled": "Yes",
            "nMops": 3701,
            "Compiled Times": 128,
            "significant_routs": [
                [
                    148,
                    "R_VCSgd_fst1W_94",
                    5319784,
                    1809,
                    183
                ],
                [
                    154,
                    "R_VCSgd_fst1W_9a",
                    4502466,
                    2352,
                    248
                ]
            ],
            "nQuads": 1597,
            "nRouts": 188
        }
    },
    "reusePaths": {
        "amcQw_d": {
            "icPath": "csrc"
        },
        "reYIK_d": {
            "icPath": "csrc"
        }
    },
    "CompUnits": {
        "fst1W_d": {
            "mod": "fifo_tb",
            "archive": "archive.235/_15952_archive_1.a",
            "out": "fst1W_d.o",
            "text": 37871,
            "bytes": 83176,
            "mode": 4,
            "checksum": 0
        }
    },
    "ObjArchives": [
        {
            "objects": [
                [
                    "fst1W_d.o",
                    83176
                ],
                [
                    "amcQwB.o",
                    102834
                ]
            ],
            "archive": "archive.235/_15952_archive_1.a",
            "size": 186010
        }
    ],
    "stat": {
        "ru_self_end": {
            "ru_maxrss_kb": 122580,
            "ru_utime_sec": 0.20802300000000001,
            "ru_stime_sec": 0.069769999999999999,
            "ru_nivcsw": 6,
            "ru_minflt": 11483,
            "ru_majflt": 0,
            "ru_nvcsw": 403
        },
        "ru_childs_end": {
            "ru_maxrss_kb": 22380,
            "ru_utime_sec": 0.00094799999999999995,
            "ru_stime_sec": 0.0047239999999999999,
            "ru_nivcsw": 1,
            "ru_minflt": 201,
            "ru_majflt": 0,
            "ru_nvcsw": 20
        },
        "peak_mem_kb": 299944,
        "cpu_cycles_end": 647664517589148
    }
}