{
    "stat": {
        "ru_childs_end": {
            "ru_nvcsw": 5,
            "ru_utime_sec": 0.00088900000000000003,
            "ru_stime_sec": 0.00266,
            "ru_maxrss_kb": 22232,
            "ru_minflt": 203,
            "ru_nivcsw": 1,
            "ru_majflt": 0
        },
        "ru_self_end": {
            "ru_nvcsw": 301,
            "ru_utime_sec": 0.18174199999999999,
            "ru_stime_sec": 0.049041000000000001,
            "ru_maxrss_kb": 122880,
            "ru_minflt": 11571,
            "ru_nivcsw": 4,
            "ru_majflt": 0
        },
        "cpu_cycles_end": 131928323788142,
        "peak_mem_kb": 300552
    },
    "CompUnits": {
        "IgWWP_d": {
            "out": "IgWWP_d.o",
            "mod": "fsm_tb",
            "checksum": 0,
            "bytes": 74892,
            "text": 32685,
            "mode": 4,
            "archive": "archive.117/_978_archive_1.a"
        }
    },
    "Modules": {
        "...MASTER...": {
            "child_modules": {
                "std": 1,
                "fsm_tb": 1
            },
            "start_perf": [
                0.19680905342102051,
                0.131411,
                0.038219999999999997,
                287136,
                300552,
                1664910449.5463891,
                131928043161167
            ],
            "nQuads": 0,
            "end_perf": [
                0.20959305763244629,
                0.133018,
                0.039854000000000001,
                288572,
                300552,
                131928080211377,
                0,
                0
            ],
            "nMops": 0,
            "nRouts": 5
        },
        "fsm_tb": {
            "start_perf": [
                0.2200469970703125,
                0.13464400000000001,
                0.043351000000000001,
                288604,
                300552,
                1664910449.569627,
                131928110394330
            ],
            "child_modules": {},
            "Compiled": "Yes",
            "Compiled Times": 11,
            "nMops": 3790,
            "significant_routs": [
                [
                    69,
                    "R_VCSgd_IgWWP_45",
                    2742835,
                    1276,
                    167
                ],
                [
                    73,
                    "R_VCSgd_IgWWP_49",
                    2550248,
                    1276,
                    167
                ],
                [
                    77,
                    "R_VCSgd_IgWWP_4d",
                    2535667,
                    1276,
                    167
                ],
                [
                    81,
                    "R_VCSgd_IgWWP_51",
                    2741535,
                    1276,
                    167
                ],
                [
                    117,
                    "R_VCSgd_IgWWP_75",
                    9242734,
                    6083,
                    608
                ]
            ],
            "end_perf": [
                0.27632904052734375,
                0.17779900000000001,
                0.047343000000000003,
                295136,
                300552,
                131928273361556,
                17190052107,
                0
            ],
            "nQuads": 1756,
            "nRouts": 165
        },
        "std": {
            "start_perf": [
                0.20971989631652832,
                0.13311600000000001,
                0.039883000000000002,
                288572,
                300552,
                1664910449.5592999,
                131928080555116
            ],
            "child_modules": {},
            "nMops": 528,
            "Compiled": "Yes",
            "Compiled Times": 118,
            "end_perf": [
                0.21999001502990723,
                0.134601,
                0.043337000000000001,
                288604,
                300552,
                131928110283675,
                0,
                0
            ],
            "nQuads": 218,
            "num_classes": 6,
            "svclass": [
                "$vcs_nba_dyn_obj",
                0,
                35,
                2,
                2,
                0,
                0,
                "sigprop$$",
                0,
                35,
                2,
                2,
                0,
                0,
                "process",
                0,
                200,
                8,
                8,
                0,
                0,
                "event",
                0,
                34,
                2,
                2,
                0,
                0,
                "mailbox",
                0,
                140,
                9,
                9,
                0,
                0,
                "semaphore",
                0,
                84,
                5,
                5,
                0,
                0
            ],
            "nRouts": 33
        }
    },
    "reusePaths": {
        "amcQw_d": {
            "icPath": "csrc"
        },
        "reYIK_d": {
            "icPath": "csrc"
        }
    },
    "ObjArchives": [
        {
            "size": 177446,
            "archive": "archive.117/_978_archive_1.a",
            "objects": [
                [
                    "IgWWP_d.o",
                    74892
                ],
                [
                    "amcQwB.o",
                    102554
                ]
            ]
        }
    ]
}